19jCqWp5GFLXzBwsRv9kgFpGv-B79GVbj	svc-inspection-photo.png	3071320
1bjhrM_mopcpbORJmAlsHDlnyJOqP6kGK	proj2-before.png	2905612
1nt_d0Jek_i7tzognYHMqxvGgYoODmu1J	proj2-after.png	2474833
1Bg-ukV8pF4gNhXaZwEqma6JxMoYrs0H6	svc-repair.jpg	1437649
1pV35dGp11vyhJDwYQidjzVIQcM4QUkSK	process-3.png	2071632
1R43VdJqk5TkyZ_vjrRc5fIq4chjf-h0x	svc-residential-roofing.png	2685040
1G1OE7d4GCT7vKtWtFXOcRgGtOdx6aChF	svc-commercial.jpg	661346
1DsksZmodeG9TwmIG8FP6E-Ixqe_1XIfe	proc-5.png	2753568
1CHjZgOrWono6lZbGbvbt2mIH6ngF5566	area-local-crew.png	2909983
14DIMKD3JLke3e4ELZC4TRADQ02d4-TUT	proc-3.png	1931628
1lMoIYOXBoL4DW9Vvwkw7htMC-DWcODec	process-2.png	2169741
1_F5LmFeuhYV-CHW_swDbCQIPuOwnBk3q	svc-maintenance.jpg	2100969
1MUHCS8TuuiHI7aa2MRGkj7fbGvEV2zkg	svc-commercial-photo.png	2141170
1-MHrQs4a1OD3mr5lUjWME35UcfabZ62t	welcome-crew.jpg	6645494
1jBmJXJjJmImPMdo9xhkSCww4DF6SYUdP	svc-replacement.jpg	1341183
1cUDxA2fIyc39RyMUIJYHSmhDWyR-3xZU	svc-windows.png	2423678
1ZpEfn1Ya0t0KpBGCExkRqC2pwrTPmahe	hero-poster.jpg	101460
1RtZI2xc7uqxJTm4aKOmYj1v_JgR0SqhH	area-hero.jpg	143625
1xL0XdAyAN2tGJnDnQvqg_E5kk8J4HbUV	journal-3.jpg	2971989
1_wHuby4jxjkD37ZVhu6nCb0XeIr4Pyn7	svc-newbuild-photo.png	2391309
1PVkgqusoahXbtDZsDaNyrxCnzJoWrqfd	svc-gutters-photo.png	2461627
1hFl9ptqYLUv21ly26RkiB2Cd3CxwMhuN	owner-after.png	2703403
1c9avtnb9DB-fVzeMfnt5egn3xf25nLEm	owner-before.png	2770714
1OYOApqBYLXiZOHhmwjR2QfREJSETvqxY	svc-newbuild.jpg	2971989
1hRoV95Px7p5-swJVtjXzUWjYR86BD987	journal-1.jpg	2100969
1LvPJfne3x3wJrJWGMtL1rEM1eTlTdcXa	founder.jpg	2843384
1lDlXAzgpSDHdwQEA6pbBi4rbUPav_GTT	journal-2.jpg	1184215
1swlLxWe759P41YahHLM48N0KHnuJT6l2	logo-light.png	325603
10Tbyu-E-TMKH9tUlzZg9caOoG3vmt9er	process-1.png	2015701
1pFq0MD1bz1ssvXAHfdrDpeGaKKenpfP3	proj3-before.png	2741369
1D6stzaHYWkYRAC1jLVKe4q7zzx97QvfN	proc-4.png	2899621
1cFDSCrrQkVqxZLo1FXzEVpzUEbZdN8AL	svc-repair-photo.png	2843488
1x5gcBAxs-0kBfhtqrIgOeIM6iJtTE8pJ	proj3-mid.png	2662295
1HKBc4ZIiwzY6tmb-D5BknsdNDeslM_Au	svc-inspection.jpg	875266
11Re5T_dmii6kScRi8vyB8rtQ-rPCNZhk	process-4.png	2946684
1qZKlzbPVKKYL-2u1H-EX_sftQucL05NL	welcome-consult.png	2622928
1wP-Wkv-grkhukdvXILHBwWgSucaJ0kDs	welcome-after.png	2588701
1q0t5JkV-CKsVEqXXwvREW0xxBCmPewAH	svc-gutters.png	2771865
1gjZ-W8wbAhZGEzQZZqLOKO2JRBgedsZo	svc-maintenance-photo.png	3039955
1C3K25XOTSkmgDP7aLIbfexj8siGOYngF	cta-parallax-roof.jpg	667117
15YlKF8BFmmUWZR9xhkEJmmORWZeuQbta	proj3-after.png	2713546
1HCCJDNuHvOfwgoEUNaA5NJYhkmCRJa9-	proj1-before.png	2350872
1-Wzfzq-h8Jo_aVWndeFjISdmR-LkTuc1	proj1-mid.png	2272717
14fde_vdvobzWMbctT4I9mSydd3DBcUGy	proj2-mid.png	2819175
1yLAbFl48xW1A-gwF92CeYqiKvH5Kl99t	svc-storm-photo.png	2500528
1dDn3jVKLOQlKpi2ier4TvvJq8YW4ONP_	welcome-before.png	2377998
1aKuNbdGTIMCCvit_Rle9A_ShnN7BjZCE	process-5.png	2871503
1Y2PkLiEWiE0GrdM0wJKD5qGdubYjAnKa	svc-skylight.jpg	869933
17dNFJrQTvOG2uW0u-1Yfcz39ImILph7Y	svc-commercial-roofing.png	2022206
14I1g_Txvt05Ba7-rhhtrcc0wBEXUJWt6	svc-storm.jpg	2518920
1T0zj3z0wTVqJJQ1ZyTJz4J2JE_QiXewz	svc-replacement-photo.png	2485448
1b2UTcs-_QlLtgvPM-iZGIF1VF87Zv8bT	faq-contractor-client.png	2622928
1PyKfqb5RJ-cD-_zRBEfUmWifSJ_2qemt	proc-1.png	1872093
1F7oPI78VJft78PZE94dx_5QW_1maVWBV	iko-roofpro-badge.png	92234
1dtNoX5JuyPjMfmkNacFahgxqcODqfPRs	svc-siding-photo.png	2547468
1WiJRtDYHqw6bN5pY1bM_IeqYP-BtgIuK	testimonial-bg.png	2316150
1SjtBKUoFJcjFcfyydVWFi0AadJrWcSOJ	modern-roof-parallax.jpg	667117
1HBp9QZSiKXyHa2WJTsD1n2UMOCUrn0m6	welcome-jobsite.png	2485448
1eUPVesv0jRUmOSnGxFZuRy5mwWxh1QLV	proj1-after.png	2272990
1NnGSJWRjnfQDN3hRWVphfgsE6dobRnu8	svc-skylight-photo.png	2423678
14AlEP10x_ZhApvZTaGGVcYYwEoXdcKox	svc-siding.png	2622928
1-GZ88hKnnD4m2GiGELUYNCh0iujzWOnB	proc-2.png	1986151
1XToPvgNaJzCyltAPASufyynD-NVDRUcQ	hero-svc-replacement.png	3196304
1s4Pi5olMq-oJ4uMPkblZboi7F39AeSee	area-local-intro.png	1151600
1XfGPQvfUNSinQcDuxXfrpDJjDfCtny8u	faq-photo.png	2464564
16960i2-NZiAulgXS4JpzxbPgp2D9gJ5-	hero-video-2.mp4	15799514
